{"initial_reset_timestamp": 1595600394.548534, "timestamps": [1595600405.3506749], "episode_lengths": [200], "episode_rewards": [200.0], "episode_types": ["t"]}