{"initial_reset_timestamp": 1595417357.894696, "timestamps": [1595417366.2924569], "episode_lengths": [142], "episode_rewards": [142.0], "episode_types": ["t"]}